time,index_value,is_event,event_id,duration,magnitude_cumulative,magnitude_instantaneous,intensity,peak_so_far,deviation
1958-01-01,,False,0,0,0.0,0.0,0.0,0.0,0.0
1958-02-01,,False,0,0,0.0,0.0,0.0,0.0,0.0
1958-03-01,,False,0,0,0.0,0.0,0.0,0.0,0.0
1958-04-01,,False,0,0,0.0,0.0,0.0,0.0,0.0
1958-05-01,,False,0,0,0.0,0.0,0.0,0.0,0.0
1958-06-01,,False,0,0,0.0,0.0,0.0,0.0,0.0
1958-07-01,,False,0,0,0.0,0.0,0.0,0.0,0.0
1958-08-01,,False,0,0,0.0,0.0,0.0,0.0,0.0
1958-09-01,,False,0,0,0.0,0.0,0.0,0.0,0.0
1958-10-01,,False,0,0,0.0,0.0,0.0,0.0,0.0
1958-11-01,,False,0,0,0.0,0.0,0.0,0.0,0.0
1958-12-01,0.21600938,False,0,0,0.0,0.0,0.0,0.0,0.0
1959-01-01,0.50704294,False,0,0,0.0,0.0,0.0,0.0,0.0
1959-02-01,0.5189514,False,0,0,0.0,0.0,0.0,0.0,0.0
1959-03-01,0.6325978,False,0,0,0.0,0.0,0.0,0.0,0.0
1959-04-01,0.6179389,False,0,0,0.0,0.0,0.0,0.0,0.0
1959-05-01,0.73883694,False,0,0,0.0,0.0,0.0,0.0,0.0
1959-06-01,0.8005564,False,0,0,0.0,0.0,0.0,0.0,0.0
1959-07-01,0.5207375,False,0,0,0.0,0.0,0.0,0.0,0.0
1959-08-01,0.36600086,False,0,0,0.0,0.0,0.0,0.0,0.0
1959-09-01,0.5497333,False,0,0,0.0,0.0,0.0,0.0,0.0
1959-10-01,0.21422052,False,0,0,0.0,0.0,0.0,0.0,0.0
1959-11-01,0.11018245,False,0,0,0.0,0.0,0.0,0.0,0.0
1959-12-01,0.3382785,False,0,0,0.0,0.0,0.0,0.0,0.0
1960-01-01,0.38564122,False,0,0,0.0,0.0,0.0,0.0,0.0
1960-02-01,0.52647513,False,0,0,0.0,0.0,0.0,0.0,0.0
1960-03-01,0.28009275,False,0,0,0.0,0.0,0.0,0.0,0.0
1960-04-01,0.34209585,False,0,0,0.0,0.0,0.0,0.0,0.0
1960-05-01,0.42269787,False,0,0,0.0,0.0,0.0,0.0,0.0
1960-06-01,0.20608655,False,0,0,0.0,0.0,0.0,0.0,0.0
1960-07-01,0.061526444,False,0,0,0.0,0.0,0.0,0.0,0.0
1960-08-01,0.09692904,False,0,0,0.0,0.0,0.0,0.0,0.0
1960-09-01,-0.08303908,False,0,0,0.0,0.0,0.0,0.0,0.0
1960-10-01,0.013184014,False,0,0,0.0,0.0,0.0,0.0,0.0
1960-11-01,0.32083863,False,0,0,0.0,0.0,0.0,0.0,0.0
1960-12-01,-0.05978541,False,0,0,0.0,0.0,0.0,0.0,0.0
1961-01-01,-0.08272482,False,0,0,0.0,0.0,0.0,0.0,0.0
1961-02-01,-0.35884523,False,0,0,0.0,0.0,0.0,0.0,0.0
1961-03-01,-0.45252308,False,0,0,0.0,0.0,0.0,0.0,0.0
1961-04-01,-0.5225672,False,0,0,0.0,0.0,0.0,0.0,0.0
1961-05-01,-0.9005974,False,0,0,0.0,0.0,0.0,0.0,0.0
1961-06-01,-1.0260718,False,0,0,0.0,0.0,0.0,0.0,0.0
1961-07-01,-1.102434,False,0,0,0.0,0.0,0.0,0.0,0.0
1961-08-01,-1.1890229,False,0,0,0.0,0.0,0.0,0.0,0.0
1961-09-01,-1.2786739,True,1,1,0.0786738395690918,0.0786738395690918,0.0786738395690918,-1.2786738872528076,0.0786738395690918
1961-10-01,-1.3266255,True,1,2,0.2052992582321167,0.1266254186630249,0.10264962911605835,-1.3266254663467407,0.1266254186630249
1961-11-01,-1.9767407,True,1,3,0.9820399284362793,0.7767406702041626,0.32734665274620056,-1.9767407178878784,0.7767406702041626
1961-12-01,-1.7959718,True,1,4,1.5780116319656372,0.5959717035293579,0.3945029079914093,-1.9767407178878784,0.5959717035293579
1962-01-01,-1.7109506,True,1,5,2.0889620780944824,0.5109505653381348,0.417792409658432,-1.9767407178878784,0.5109505653381348
1962-02-01,-1.6137171,True,1,6,2.5026791095733643,0.41371703147888184,0.41711318492889404,-1.9767407178878784,0.41371703147888184
1962-03-01,-1.744017,True,1,7,3.046696186065674,0.54401695728302,0.43524232506752014,-1.9767407178878784,0.54401695728302
1962-04-01,-1.5046821,True,1,8,3.3513782024383545,0.30468201637268066,0.4189222753047943,-1.9767407178878784,0.30468201637268066
1962-05-01,-1.5923568,True,1,9,3.743734836578369,0.3923567533493042,0.4159705340862274,-1.9767407178878784,0.3923567533493042
1962-06-01,-1.5580477,True,1,10,4.101782321929932,0.35804760456085205,0.4101782441139221,-1.9767407178878784,0.35804760456085205
1962-07-01,-1.256529,True,1,11,4.158311367034912,0.05652892589569092,0.3780283033847809,-1.9767407178878784,0.05652892589569092
1962-08-01,-1.1673856,False,0,0,0.0,0.0,0.0,0.0,0.0
1962-09-01,-1.2552766,True,2,1,0.05527651309967041,0.05527651309967041,0.05527651309967041,-1.2552765607833862,0.05527651309967041
1962-10-01,-0.94301707,False,0,0,0.0,0.0,0.0,0.0,0.0
1962-11-01,-0.70477486,False,0,0,0.0,0.0,0.0,0.0,0.0
1962-12-01,-0.17420442,False,0,0,0.0,0.0,0.0,0.0,0.0
1963-01-01,0.17973305,False,0,0,0.0,0.0,0.0,0.0,0.0
1963-02-01,0.15399642,False,0,0,0.0,0.0,0.0,0.0,0.0
1963-03-01,0.5407912,False,0,0,0.0,0.0,0.0,0.0,0.0
1963-04-01,0.26674896,False,0,0,0.0,0.0,0.0,0.0,0.0
1963-05-01,0.2917643,False,0,0,0.0,0.0,0.0,0.0,0.0
1963-06-01,0.22358036,False,0,0,0.0,0.0,0.0,0.0,0.0
1963-07-01,-0.12225751,False,0,0,0.0,0.0,0.0,0.0,0.0
1963-08-01,-0.2500149,False,0,0,0.0,0.0,0.0,0.0,0.0
1963-09-01,-0.1795073,False,0,0,0.0,0.0,0.0,0.0,0.0
1963-10-01,-0.24116273,False,0,0,0.0,0.0,0.0,0.0,0.0
1963-11-01,-0.36813203,False,0,0,0.0,0.0,0.0,0.0,0.0
1963-12-01,-0.3357207,False,0,0,0.0,0.0,0.0,0.0,0.0
1964-01-01,-1.0002002,False,0,0,0.0,0.0,0.0,0.0,0.0
1964-02-01,-1.1620319,False,0,0,0.0,0.0,0.0,0.0,0.0
1964-03-01,-1.2444366,True,19,1,0.04443657398223877,0.04443657398223877,0.04443657398223877,-1.2444366216659546,0.04443657398223877
1964-04-01,-1.1496439,False,0,0,0.0,0.0,0.0,0.0,0.0
1964-05-01,-0.9851157,False,0,0,0.0,0.0,0.0,0.0,0.0
1964-06-01,-0.97029227,False,0,0,0.0,0.0,0.0,0.0,0.0
1964-07-01,-0.9479309,False,0,0,0.0,0.0,0.0,0.0,0.0
1964-08-01,-0.8263137,False,0,0,0.0,0.0,0.0,0.0,0.0
1964-09-01,-0.69929475,False,0,0,0.0,0.0,0.0,0.0,0.0
1964-10-01,0.9987552,False,0,0,0.0,0.0,0.0,0.0,0.0
1964-11-01,1.4492108,False,0,0,0.0,0.0,0.0,0.0,0.0
1964-12-01,0.99662143,False,0,0,0.0,0.0,0.0,0.0,0.0
1965-01-01,1.2539128,False,0,0,0.0,0.0,0.0,0.0,0.0
1965-02-01,1.1617283,False,0,0,0.0,0.0,0.0,0.0,0.0
1965-03-01,1.0890874,False,0,0,0.0,0.0,0.0,0.0,0.0
1965-04-01,1.0117552,False,0,0,0.0,0.0,0.0,0.0,0.0
1965-05-01,0.88857627,False,0,0,0.0,0.0,0.0,0.0,0.0
1965-06-01,0.8752553,False,0,0,0.0,0.0,0.0,0.0,0.0
1965-07-01,0.87793744,False,0,0,0.0,0.0,0.0,0.0,0.0
1965-08-01,0.77753574,False,0,0,0.0,0.0,0.0,0.0,0.0
1965-09-01,0.616614,False,0,0,0.0,0.0,0.0,0.0,0.0
1965-10-01,-1.3177214,True,37,1,0.1177213191986084,0.1177213191986084,0.1177213191986084,-1.3177213668823242,0.1177213191986084
1965-11-01,-1.8837606,True,37,2,0.8014818429946899,0.6837605237960815,0.40074092149734497,-1.8837605714797974,0.6837605237960815
1965-12-01,-1.4952707,True,37,3,1.0967525243759155,0.2952706813812256,0.3655841648578644,-1.8837605714797974,0.2952706813812256
1966-01-01,-1.6664268,True,37,4,1.5631792545318604,0.4664267301559448,0.3907948136329651,-1.8837605714797974,0.4664267301559448
1966-02-01,-1.1564772,False,0,0,0.0,0.0,0.0,0.0,0.0
1966-03-01,-0.98015064,False,0,0,0.0,0.0,0.0,0.0,0.0
1966-04-01,-0.84807837,False,0,0,0.0,0.0,0.0,0.0,0.0
1966-05-01,-0.8520044,False,0,0,0.0,0.0,0.0,0.0,0.0
1966-06-01,-0.815765,False,0,0,0.0,0.0,0.0,0.0,0.0
1966-07-01,-0.8649515,False,0,0,0.0,0.0,0.0,0.0,0.0
1966-08-01,-0.85093105,False,0,0,0.0,0.0,0.0,0.0,0.0
1966-09-01,-0.8003745,False,0,0,0.0,0.0,0.0,0.0,0.0
1966-10-01,-0.426966,False,0,0,0.0,0.0,0.0,0.0,0.0
1966-11-01,-0.3523028,False,0,0,0.0,0.0,0.0,0.0,0.0
1966-12-01,-0.11798671,False,0,0,0.0,0.0,0.0,0.0,0.0
1967-01-01,0.19890103,False,0,0,0.0,0.0,0.0,0.0,0.0
1967-02-01,-0.10890176,False,0,0,0.0,0.0,0.0,0.0,0.0
1967-03-01,-0.39493477,False,0,0,0.0,0.0,0.0,0.0,0.0
1967-04-01,-0.6183005,False,0,0,0.0,0.0,0.0,0.0,0.0
1967-05-01,-0.7151195,False,0,0,0.0,0.0,0.0,0.0,0.0
1967-06-01,-0.8685721,False,0,0,0.0,0.0,0.0,0.0,0.0
1967-07-01,-0.9113911,False,0,0,0.0,0.0,0.0,0.0,0.0
1967-08-01,-0.986654,False,0,0,0.0,0.0,0.0,0.0,0.0
1967-09-01,-1.1223274,False,0,0,0.0,0.0,0.0,0.0,0.0
1967-10-01,-1.2560786,True,57,1,0.056078553199768066,0.056078553199768066,0.056078553199768066,-1.2560786008834839,0.056078553199768066
1967-11-01,-1.4401786,True,57,2,0.2962571382522583,0.24017858505249023,0.14812856912612915,-1.440178632736206,0.24017858505249023
1967-12-01,-1.1924776,False,0,0,0.0,0.0,0.0,0.0,0.0
1968-01-01,-1.1703786,False,0,0,0.0,0.0,0.0,0.0,0.0
1968-02-01,-1.0931107,False,0,0,0.0,0.0,0.0,0.0,0.0
1968-03-01,-1.1796542,False,0,0,0.0,0.0,0.0,0.0,0.0
1968-04-01,-1.0555499,False,0,0,0.0,0.0,0.0,0.0,0.0
1968-05-01,-0.5673082,False,0,0,0.0,0.0,0.0,0.0,0.0
1968-06-01,-0.2547566,False,0,0,0.0,0.0,0.0,0.0,0.0
1968-07-01,0.9005343,False,0,0,0.0,0.0,0.0,0.0,0.0
1968-08-01,1.1650178,False,0,0,0.0,0.0,0.0,0.0,0.0
1968-09-01,1.4792993,False,0,0,0.0,0.0,0.0,0.0,0.0
1968-10-01,1.5909266,False,0,0,0.0,0.0,0.0,0.0,0.0
1968-11-01,1.6188935,False,0,0,0.0,0.0,0.0,0.0,0.0
1968-12-01,1.5287265,False,0,0,0.0,0.0,0.0,0.0,0.0
1969-01-01,1.2218288,False,0,0,0.0,0.0,0.0,0.0,0.0
1969-02-01,1.3946499,False,0,0,0.0,0.0,0.0,0.0,0.0
1969-03-01,1.4556594,False,0,0,0.0,0.0,0.0,0.0,0.0
1969-04-01,1.4007527,False,0,0,0.0,0.0,0.0,0.0,0.0
1969-05-01,1.0637891,False,0,0,0.0,0.0,0.0,0.0,0.0
1969-06-01,0.87906766,False,0,0,0.0,0.0,0.0,0.0,0.0
1969-07-01,-0.16118504,False,0,0,0.0,0.0,0.0,0.0,0.0
1969-08-01,-0.43345237,False,0,0,0.0,0.0,0.0,0.0,0.0
1969-09-01,-0.7425737,False,0,0,0.0,0.0,0.0,0.0,0.0
1969-10-01,-1.01133,False,0,0,0.0,0.0,0.0,0.0,0.0
1969-11-01,-0.96809417,False,0,0,0.0,0.0,0.0,0.0,0.0
1969-12-01,-1.2739373,True,81,1,0.0739372968673706,0.0739372968673706,0.0739372968673706,-1.2739373445510864,0.0739372968673706
1970-01-01,-1.1098545,False,0,0,0.0,0.0,0.0,0.0,0.0
1970-02-01,-1.201305,True,82,1,0.0013049840927124023,0.0013049840927124023,0.0013049840927124023,-1.2013050317764282,0.0013049840927124023
1970-03-01,-1.3334202,True,82,2,0.13472509384155273,0.13342010974884033,0.06736254692077637,-1.3334201574325562,0.13342010974884033
1970-04-01,-1.1153643,False,0,0,0.0,0.0,0.0,0.0,0.0
1970-05-01,-0.9005894,False,0,0,0.0,0.0,0.0,0.0,0.0
1970-06-01,-0.8418584,False,0,0,0.0,0.0,0.0,0.0,0.0
1970-07-01,-0.89967537,False,0,0,0.0,0.0,0.0,0.0,0.0
1970-08-01,-0.9699431,False,0,0,0.0,0.0,0.0,0.0,0.0
1970-09-01,-0.6326516,False,0,0,0.0,0.0,0.0,0.0,0.0
1970-10-01,-0.48305482,False,0,0,0.0,0.0,0.0,0.0,0.0
1970-11-01,-0.31818354,False,0,0,0.0,0.0,0.0,0.0,0.0
1970-12-01,-0.06916355,False,0,0,0.0,0.0,0.0,0.0,0.0
1971-01-01,0.2702819,False,0,0,0.0,0.0,0.0,0.0,0.0
1971-02-01,0.35565805,False,0,0,0.0,0.0,0.0,0.0,0.0
1971-03-01,0.6036734,False,0,0,0.0,0.0,0.0,0.0,0.0
1971-04-01,0.3775057,False,0,0,0.0,0.0,0.0,0.0,0.0
1971-05-01,0.3832852,False,0,0,0.0,0.0,0.0,0.0,0.0
1971-06-01,0.48610127,False,0,0,0.0,0.0,0.0,0.0,0.0
1971-07-01,0.55730104,False,0,0,0.0,0.0,0.0,0.0,0.0
1971-08-01,0.5879441,False,0,0,0.0,0.0,0.0,0.0,0.0
1971-09-01,0.39175895,False,0,0,0.0,0.0,0.0,0.0,0.0
1971-10-01,0.8894466,False,0,0,0.0,0.0,0.0,0.0,0.0
1971-11-01,1.0042629,False,0,0,0.0,0.0,0.0,0.0,0.0
1971-12-01,0.91976386,False,0,0,0.0,0.0,0.0,0.0,0.0
1972-01-01,0.64147806,False,0,0,0.0,0.0,0.0,0.0,0.0
1972-02-01,0.3049706,False,0,0,0.0,0.0,0.0,0.0,0.0
1972-03-01,0.32962164,False,0,0,0.0,0.0,0.0,0.0,0.0
1972-04-01,0.30261114,False,0,0,0.0,0.0,0.0,0.0,0.0
1972-05-01,0.24481286,False,0,0,0.0,0.0,0.0,0.0,0.0
1972-06-01,-0.0035414244,False,0,0,0.0,0.0,0.0,0.0,0.0
1972-07-01,-0.16570036,False,0,0,0.0,0.0,0.0,0.0,0.0
1972-08-01,-0.20031087,False,0,0,0.0,0.0,0.0,0.0,0.0
1972-09-01,-0.39601055,False,0,0,0.0,0.0,0.0,0.0,0.0
1972-10-01,-1.2104076,True,112,1,0.010407567024230957,0.010407567024230957,0.010407567024230957,-1.2104076147079468,0.010407567024230957
1972-11-01,-1.7617846,True,112,2,0.5721920728683472,0.5617845058441162,0.2860960364341736,-1.761784553527832,0.5617845058441162
1972-12-01,-1.6880132,True,112,3,1.0602052211761475,0.4880131483078003,0.3534017503261566,-1.761784553527832,0.4880131483078003
1973-01-01,-1.1509465,False,0,0,0.0,0.0,0.0,0.0,0.0
1973-02-01,-1.021563,False,0,0,0.0,0.0,0.0,0.0,0.0
1973-03-01,-1.2032751,True,114,1,0.0032750368118286133,0.0032750368118286133,0.0032750368118286133,-1.2032750844955444,0.0032750368118286133
1973-04-01,-1.0287033,False,0,0,0.0,0.0,0.0,0.0,0.0
1973-05-01,-0.75679153,False,0,0,0.0,0.0,0.0,0.0,0.0
1973-06-01,-0.5936412,False,0,0,0.0,0.0,0.0,0.0,0.0
1973-07-01,-0.08935854,False,0,0,0.0,0.0,0.0,0.0,0.0
1973-08-01,-0.06807852,False,0,0,0.0,0.0,0.0,0.0,0.0
1973-09-01,1.1593333,False,0,0,0.0,0.0,0.0,0.0,0.0
1973-10-01,1.2727243,False,0,0,0.0,0.0,0.0,0.0,0.0
1973-11-01,1.6198562,False,0,0,0.0,0.0,0.0,0.0,0.0
1973-12-01,1.5193533,False,0,0,0.0,0.0,0.0,0.0,0.0
1974-01-01,1.3632581,False,0,0,0.0,0.0,0.0,0.0,0.0
1974-02-01,1.5737298,False,0,0,0.0,0.0,0.0,0.0,0.0
1974-03-01,1.5593787,False,0,0,0.0,0.0,0.0,0.0,0.0
1974-04-01,1.4846685,False,0,0,0.0,0.0,0.0,0.0,0.0
1974-05-01,1.2812972,False,0,0,0.0,0.0,0.0,0.0,0.0
1974-06-01,1.2411969,False,0,0,0.0,0.0,0.0,0.0,0.0
1974-07-01,0.8808446,False,0,0,0.0,0.0,0.0,0.0,0.0
1974-08-01,0.9408141,False,0,0,0.0,0.0,0.0,0.0,0.0
1974-09-01,0.5110651,False,0,0,0.0,0.0,0.0,0.0,0.0
1974-10-01,1.2372481,False,0,0,0.0,0.0,0.0,0.0,0.0
1974-11-01,1.2116919,False,0,0,0.0,0.0,0.0,0.0,0.0
1974-12-01,1.0809419,False,0,0,0.0,0.0,0.0,0.0,0.0
1975-01-01,1.0312481,False,0,0,0.0,0.0,0.0,0.0,0.0
1975-02-01,0.9692659,False,0,0,0.0,0.0,0.0,0.0,0.0
1975-03-01,1.0521142,False,0,0,0.0,0.0,0.0,0.0,0.0
1975-04-01,1.3498473,False,0,0,0.0,0.0,0.0,0.0,0.0
1975-05-01,1.6651499,False,0,0,0.0,0.0,0.0,0.0,0.0
1975-06-01,1.7044562,False,0,0,0.0,0.0,0.0,0.0,0.0
1975-07-01,1.8258277,False,0,0,0.0,0.0,0.0,0.0,0.0
1975-08-01,1.9947786,False,0,0,0.0,0.0,0.0,0.0,0.0
1975-09-01,1.9032726,False,0,0,0.0,0.0,0.0,0.0,0.0
1975-10-01,1.868805,False,0,0,0.0,0.0,0.0,0.0,0.0
1975-11-01,1.9070568,False,0,0,0.0,0.0,0.0,0.0,0.0
1975-12-01,1.8447381,False,0,0,0.0,0.0,0.0,0.0,0.0
1976-01-01,1.9403325,False,0,0,0.0,0.0,0.0,0.0,0.0
1976-02-01,1.7714435,False,0,0,0.0,0.0,0.0,0.0,0.0
1976-03-01,1.6597631,False,0,0,0.0,0.0,0.0,0.0,0.0
1976-04-01,1.4180562,False,0,0,0.0,0.0,0.0,0.0,0.0
1976-05-01,1.0629548,False,0,0,0.0,0.0,0.0,0.0,0.0
1976-06-01,1.099445,False,0,0,0.0,0.0,0.0,0.0,0.0
1976-07-01,1.1170841,False,0,0,0.0,0.0,0.0,0.0,0.0
1976-08-01,1.0303639,False,0,0,0.0,0.0,0.0,0.0,0.0
1976-09-01,0.5575186,False,0,0,0.0,0.0,0.0,0.0,0.0
1976-10-01,-0.5677912,False,0,0,0.0,0.0,0.0,0.0,0.0
1976-11-01,-1.3325803,True,157,1,0.13258028030395508,0.13258028030395508,0.13258028030395508,-1.332580327987671,0.13258028030395508
1976-12-01,-1.6733296,True,157,2,0.6059098243713379,0.4733295440673828,0.30295491218566895,-1.6733295917510986,0.4733295440673828
1977-01-01,-1.6312059,True,157,3,1.0371156930923462,0.4312058687210083,0.3457052409648895,-1.6733295917510986,0.4312058687210083
1977-02-01,-1.3957499,True,157,4,1.232865571975708,0.19574987888336182,0.308216392993927,-1.6733295917510986,0.19574987888336182
1977-03-01,-1.3295084,True,157,5,1.362373948097229,0.129508376121521,0.2724747955799103,-1.6733295917510986,0.129508376121521
1977-04-01,-1.3026999,True,157,6,1.465073823928833,0.102699875831604,0.24417896568775177,-1.6733295917510986,0.102699875831604
1977-05-01,-1.3081511,True,157,7,1.5732249021530151,0.10815107822418213,0.22474642097949982,-1.6733295917510986,0.10815107822418213
1977-06-01,-1.2268788,True,157,8,1.6001036167144775,0.026878714561462402,0.2000129520893097,-1.6733295917510986,0.026878714561462402
1977-07-01,-1.2925518,True,157,9,1.692655324935913,0.09255170822143555,0.1880728155374527,-1.6733295917510986,0.09255170822143555
1977-08-01,-1.414026,True,157,10,1.9066812992095947,0.21402597427368164,0.19066813588142395,-1.6733295917510986,0.21402597427368164
1977-09-01,-1.3743086,True,157,11,2.0809898376464844,0.17430853843688965,0.1891808956861496,-1.6733295917510986,0.17430853843688965
1977-10-01,-1.5704954,True,157,12,2.4514851570129395,0.3704953193664551,0.20429043471813202,-1.6733295917510986,0.3704953193664551
1977-11-01,-1.7262512,True,157,13,2.977736473083496,0.5262511968612671,0.22905665636062622,-1.726251244544983,0.5262511968612671
1977-12-01,-1.237927,True,157,14,3.0156633853912354,0.03792691230773926,0.21540452539920807,-1.726251244544983,0.03792691230773926
1978-01-01,-1.0754249,False,0,0,0.0,0.0,0.0,0.0,0.0
1978-02-01,-1.3331815,True,158,1,0.13318145275115967,0.13318145275115967,0.13318145275115967,-1.3331815004348755,0.13318145275115967
1978-03-01,-1.1775368,False,0,0,0.0,0.0,0.0,0.0,0.0
1978-04-01,-1.1369281,False,0,0,0.0,0.0,0.0,0.0,0.0
1978-05-01,-0.9029438,False,0,0,0.0,0.0,0.0,0.0,0.0
1978-06-01,-0.5010894,False,0,0,0.0,0.0,0.0,0.0,0.0
1978-07-01,-0.19014874,False,0,0,0.0,0.0,0.0,0.0,0.0
1978-08-01,-0.035052095,False,0,0,0.0,0.0,0.0,0.0,0.0
1978-09-01,0.52462107,False,0,0,0.0,0.0,0.0,0.0,0.0
1978-10-01,0.88923925,False,0,0,0.0,0.0,0.0,0.0,0.0
1978-11-01,1.117161,False,0,0,0.0,0.0,0.0,0.0,0.0
1978-12-01,1.1371845,False,0,0,0.0,0.0,0.0,0.0,0.0
1979-01-01,1.1500837,False,0,0,0.0,0.0,0.0,0.0,0.0
1979-02-01,1.1507547,False,0,0,0.0,0.0,0.0,0.0,0.0
1979-03-01,1.0052773,False,0,0,0.0,0.0,0.0,0.0,0.0
1979-04-01,0.9334438,False,0,0,0.0,0.0,0.0,0.0,0.0
1979-05-01,1.17722,False,0,0,0.0,0.0,0.0,0.0,0.0
1979-06-01,1.0573125,False,0,0,0.0,0.0,0.0,0.0,0.0
1979-07-01,0.9028542,False,0,0,0.0,0.0,0.0,0.0,0.0
1979-08-01,0.9026423,False,0,0,0.0,0.0,0.0,0.0,0.0
1979-09-01,0.44412354,False,0,0,0.0,0.0,0.0,0.0,0.0
1979-10-01,0.08325516,False,0,0,0.0,0.0,0.0,0.0,0.0
1979-11-01,-0.056016244,False,0,0,0.0,0.0,0.0,0.0,0.0
1979-12-01,-0.28635433,False,0,0,0.0,0.0,0.0,0.0,0.0
1980-01-01,-0.3447253,False,0,0,0.0,0.0,0.0,0.0,0.0
1980-02-01,-0.32687414,False,0,0,0.0,0.0,0.0,0.0,0.0
1980-03-01,-0.4629166,False,0,0,0.0,0.0,0.0,0.0,0.0
1980-04-01,-0.23593965,False,0,0,0.0,0.0,0.0,0.0,0.0
1980-05-01,-0.7864205,False,0,0,0.0,0.0,0.0,0.0,0.0
1980-06-01,-1.2255924,True,185,1,0.025592327117919922,0.025592327117919922,0.025592327117919922,-1.2255923748016357,0.025592327117919922
1980-07-01,-1.2944636,True,185,2,0.1200559139251709,0.09446358680725098,0.06002795696258545,-1.2944636344909668,0.09446358680725098
1980-08-01,-1.3596015,True,185,3,0.27965736389160156,0.15960144996643066,0.09321912378072739,-1.3596014976501465,0.15960144996643066
1980-09-01,-1.5389187,True,185,4,0.6185760498046875,0.33891868591308594,0.15464401245117188,-1.5389187335968018,0.33891868591308594
1980-10-01,-1.3331019,True,185,5,0.7516778707504272,0.13310182094573975,0.15033558011054993,-1.5389187335968018,0.13310182094573975
1980-11-01,-1.2906672,True,185,6,0.8423449993133545,0.09066712856292725,0.14039082825183868,-1.5389187335968018,0.09066712856292725
1980-12-01,-0.8860925,False,0,0,0.0,0.0,0.0,0.0,0.0
1981-01-01,-0.7895224,False,0,0,0.0,0.0,0.0,0.0,0.0
1981-02-01,-0.7884586,False,0,0,0.0,0.0,0.0,0.0,0.0
1981-03-01,-0.8361216,False,0,0,0.0,0.0,0.0,0.0,0.0
1981-04-01,-1.0657111,False,0,0,0.0,0.0,0.0,0.0,0.0
1981-05-01,-0.999855,False,0,0,0.0,0.0,0.0,0.0,0.0
1981-06-01,-0.8910419,False,0,0,0.0,0.0,0.0,0.0,0.0
1981-07-01,0.15464488,False,0,0,0.0,0.0,0.0,0.0,0.0
1981-08-01,0.08345017,False,0,0,0.0,0.0,0.0,0.0,0.0
1981-09-01,0.4746413,False,0,0,0.0,0.0,0.0,0.0,0.0
1981-10-01,0.6484706,False,0,0,0.0,0.0,0.0,0.0,0.0
1981-11-01,1.2538342,False,0,0,0.0,0.0,0.0,0.0,0.0
1981-12-01,1.2550486,False,0,0,0.0,0.0,0.0,0.0,0.0
1982-01-01,1.2957594,False,0,0,0.0,0.0,0.0,0.0,0.0
1982-02-01,1.3350832,False,0,0,0.0,0.0,0.0,0.0,0.0
1982-03-01,1.5323001,False,0,0,0.0,0.0,0.0,0.0,0.0
1982-04-01,1.6319479,False,0,0,0.0,0.0,0.0,0.0,0.0
1982-05-01,1.5641863,False,0,0,0.0,0.0,0.0,0.0,0.0
1982-06-01,1.523641,False,0,0,0.0,0.0,0.0,0.0,0.0
1982-07-01,0.6386529,False,0,0,0.0,0.0,0.0,0.0,0.0
1982-08-01,0.63840735,False,0,0,0.0,0.0,0.0,0.0,0.0
1982-09-01,0.26679003,False,0,0,0.0,0.0,0.0,0.0,0.0
1982-10-01,-0.20617802,False,0,0,0.0,0.0,0.0,0.0,0.0
1982-11-01,-1.265353,True,208,1,0.0653529167175293,0.0653529167175293,0.0653529167175293,-1.2653529644012451,0.0653529167175293
1982-12-01,-1.5919887,True,208,2,0.4573415517807007,0.3919886350631714,0.22867077589035034,-1.5919886827468872,0.3919886350631714
1983-01-01,-1.942479,True,208,3,1.1998205184936523,0.7424789667129517,0.39994016289711,-1.9424790143966675,0.7424789667129517
1983-02-01,-2.1449637,True,208,4,2.1447842121124268,0.9449636936187744,0.5361960530281067,-2.1449637413024902,0.9449636936187744
1983-03-01,-2.2248147,True,208,5,3.1695988178253174,1.0248146057128906,0.6339197754859924,-2.2248146533966064,1.0248146057128906
1983-04-01,-2.0971897,True,208,6,4.066788673400879,0.8971896171569824,0.6777980923652649,-2.2248146533966064,0.8971896171569824
1983-05-01,-1.3474813,True,208,7,4.214269638061523,0.14748120307922363,0.6020385026931763,-2.2248146533966064,0.14748120307922363
1983-06-01,-1.3529036,True,208,8,4.367173194885254,0.15290355682373047,0.5458966493606567,-2.2248146533966064,0.15290355682373047
1983-07-01,-1.2182996,True,208,9,4.385472774505615,0.018299579620361328,0.48727476596832275,-2.2248146533966064,0.018299579620361328
1983-08-01,-1.3003407,True,208,10,4.485813140869141,0.10034060478210449,0.4485813081264496,-2.2248146533966064,0.10034060478210449
1983-09-01,-1.3365163,True,208,11,4.622329235076904,0.13651621341705322,0.4202117621898651,-2.2248146533966064,0.13651621341705322
1983-10-01,-0.47628108,False,0,0,0.0,0.0,0.0,0.0,0.0
1983-11-01,0.36159378,False,0,0,0.0,0.0,0.0,0.0,0.0
1983-12-01,0.60059386,False,0,0,0.0,0.0,0.0,0.0,0.0
1984-01-01,0.85063857,False,0,0,0.0,0.0,0.0,0.0,0.0
1984-02-01,1.1364617,False,0,0,0.0,0.0,0.0,0.0,0.0
1984-03-01,1.1380707,False,0,0,0.0,0.0,0.0,0.0,0.0
1984-04-01,1.1109815,False,0,0,0.0,0.0,0.0,0.0,0.0
1984-05-01,0.9009641,False,0,0,0.0,0.0,0.0,0.0,0.0
1984-06-01,0.9931939,False,0,0,0.0,0.0,0.0,0.0,0.0
1984-07-01,1.0193207,False,0,0,0.0,0.0,0.0,0.0,0.0
1984-08-01,1.140044,False,0,0,0.0,0.0,0.0,0.0,0.0
1984-09-01,1.9596597,False,0,0,0.0,0.0,0.0,0.0,0.0
1984-10-01,1.504225,False,0,0,0.0,0.0,0.0,0.0,0.0
1984-11-01,0.9643894,False,0,0,0.0,0.0,0.0,0.0,0.0
1984-12-01,0.8558028,False,0,0,0.0,0.0,0.0,0.0,0.0
1985-01-01,0.57115984,False,0,0,0.0,0.0,0.0,0.0,0.0
1985-02-01,0.4648134,False,0,0,0.0,0.0,0.0,0.0,0.0
1985-03-01,0.48961502,False,0,0,0.0,0.0,0.0,0.0,0.0
1985-04-01,0.39912227,False,0,0,0.0,0.0,0.0,0.0,0.0
1985-05-01,0.22608133,False,0,0,0.0,0.0,0.0,0.0,0.0
1985-06-01,0.35352942,False,0,0,0.0,0.0,0.0,0.0,0.0
1985-07-01,0.55182326,False,0,0,0.0,0.0,0.0,0.0,0.0
1985-08-01,0.49121702,False,0,0,0.0,0.0,0.0,0.0,0.0
1985-09-01,-0.35689396,False,0,0,0.0,0.0,0.0,0.0,0.0
1985-10-01,-0.49921596,False,0,0,0.0,0.0,0.0,0.0,0.0
1985-11-01,-0.1864042,False,0,0,0.0,0.0,0.0,0.0,0.0
1985-12-01,-0.08538507,False,0,0,0.0,0.0,0.0,0.0,0.0
1986-01-01,0.11439947,False,0,0,0.0,0.0,0.0,0.0,0.0
1986-02-01,0.014723954,False,0,0,0.0,0.0,0.0,0.0,0.0
1986-03-01,-0.17352757,False,0,0,0.0,0.0,0.0,0.0,0.0
1986-04-01,-0.094862595,False,0,0,0.0,0.0,0.0,0.0,0.0
1986-05-01,-0.18730405,False,0,0,0.0,0.0,0.0,0.0,0.0
1986-06-01,-0.18571033,False,0,0,0.0,0.0,0.0,0.0,0.0
1986-07-01,-0.2185412,False,0,0,0.0,0.0,0.0,0.0,0.0
1986-08-01,-0.21511517,False,0,0,0.0,0.0,0.0,0.0,0.0
1986-09-01,-0.26241854,False,0,0,0.0,0.0,0.0,0.0,0.0
1986-10-01,-0.19121337,False,0,0,0.0,0.0,0.0,0.0,0.0
1986-11-01,-0.4682187,False,0,0,0.0,0.0,0.0,0.0,0.0
1986-12-01,-0.8146074,False,0,0,0.0,0.0,0.0,0.0,0.0
1987-01-01,-0.7642581,False,0,0,0.0,0.0,0.0,0.0,0.0
1987-02-01,-0.8468295,False,0,0,0.0,0.0,0.0,0.0,0.0
1987-03-01,-0.747236,False,0,0,0.0,0.0,0.0,0.0,0.0
1987-04-01,-1.0827566,False,0,0,0.0,0.0,0.0,0.0,0.0
1987-05-01,-0.9230626,False,0,0,0.0,0.0,0.0,0.0,0.0
1987-06-01,-1.1527756,False,0,0,0.0,0.0,0.0,0.0,0.0
1987-07-01,-1.5338598,True,253,1,0.33385980129241943,0.33385980129241943,0.33385980129241943,-1.5338598489761353,0.33385980129241943
1987-08-01,-1.6349658,True,253,2,0.7688255310058594,0.43496572971343994,0.3844127655029297,-1.6349657773971558,0.43496572971343994
1987-09-01,-1.7955036,True,253,3,1.3643290996551514,0.595503568649292,0.4547763764858246,-1.7955036163330078,0.595503568649292
1987-10-01,-1.7633755,True,253,4,1.9277045726776123,0.5633754730224609,0.4819261431694031,-1.7955036163330078,0.5633754730224609
1987-11-01,-1.6534125,True,253,5,2.3811168670654297,0.45341241359710693,0.4762233793735504,-1.7955036163330078,0.45341241359710693
1987-12-01,-1.0823314,False,0,0,0.0,0.0,0.0,0.0,0.0
1988-01-01,-1.1917126,False,0,0,0.0,0.0,0.0,0.0,0.0
1988-02-01,-1.3173375,True,255,1,0.11733746528625488,0.11733746528625488,0.11733746528625488,-1.3173375129699707,0.11733746528625488
1988-03-01,-1.2179825,True,255,2,0.13531994819641113,0.01798248291015625,0.06765997409820557,-1.3173375129699707,0.01798248291015625
1988-04-01,-1.1977153,False,0,0,0.0,0.0,0.0,0.0,0.0
1988-05-01,-1.29605,True,256,1,0.09604990482330322,0.09604990482330322,0.09604990482330322,-1.296049952507019,0.09604990482330322
1988-06-01,-1.3983794,True,256,2,0.29442930221557617,0.19837939739227295,0.14721465110778809,-1.3983794450759888,0.19837939739227295
1988-07-01,-1.4482707,True,256,3,0.542699933052063,0.24827063083648682,0.180899977684021,-1.4482706785202026,0.24827063083648682
1988-08-01,-1.2554947,True,256,4,0.5981945991516113,0.05549466609954834,0.14954864978790283,-1.4482706785202026,0.05549466609954834
1988-09-01,-1.2030079,True,256,5,0.6012024879455566,0.0030078887939453125,0.12024049460887909,-1.4482706785202026,0.0030078887939453125
1988-10-01,-0.86351144,False,0,0,0.0,0.0,0.0,0.0,0.0
1988-11-01,-0.08866393,False,0,0,0.0,0.0,0.0,0.0,0.0
1988-12-01,-0.21718079,False,0,0,0.0,0.0,0.0,0.0,0.0
1989-01-01,0.08321023,False,0,0,0.0,0.0,0.0,0.0,0.0
1989-02-01,0.34532535,False,0,0,0.0,0.0,0.0,0.0,0.0
1989-03-01,0.21483609,False,0,0,0.0,0.0,0.0,0.0,0.0
1989-04-01,0.39514047,False,0,0,0.0,0.0,0.0,0.0,0.0
1989-05-01,0.3866468,False,0,0,0.0,0.0,0.0,0.0,0.0
1989-06-01,0.6761626,False,0,0,0.0,0.0,0.0,0.0,0.0
1989-07-01,0.8907038,False,0,0,0.0,0.0,0.0,0.0,0.0
1989-08-01,0.88960624,False,0,0,0.0,0.0,0.0,0.0,0.0
1989-09-01,0.94683033,False,0,0,0.0,0.0,0.0,0.0,0.0
1989-10-01,0.88812804,False,0,0,0.0,0.0,0.0,0.0,0.0
1989-11-01,0.21178104,False,0,0,0.0,0.0,0.0,0.0,0.0
1989-12-01,0.18168099,False,0,0,0.0,0.0,0.0,0.0,0.0
1990-01-01,0.3128727,False,0,0,0.0,0.0,0.0,0.0,0.0
1990-02-01,0.049786806,False,0,0,0.0,0.0,0.0,0.0,0.0
1990-03-01,0.10318278,False,0,0,0.0,0.0,0.0,0.0,0.0
1990-04-01,-0.10888898,False,0,0,0.0,0.0,0.0,0.0,0.0
1990-05-01,-0.041905466,False,0,0,0.0,0.0,0.0,0.0,0.0
1990-06-01,-0.38660765,False,0,0,0.0,0.0,0.0,0.0,0.0
1990-07-01,-0.48907158,False,0,0,0.0,0.0,0.0,0.0,0.0
1990-08-01,-0.5830232,False,0,0,0.0,0.0,0.0,0.0,0.0
1990-09-01,-0.48132396,False,0,0,0.0,0.0,0.0,0.0,0.0
1990-10-01,-0.66245866,False,0,0,0.0,0.0,0.0,0.0,0.0
1990-11-01,-0.88281626,False,0,0,0.0,0.0,0.0,0.0,0.0
1990-12-01,-0.46955487,False,0,0,0.0,0.0,0.0,0.0,0.0
1991-01-01,-0.6310381,False,0,0,0.0,0.0,0.0,0.0,0.0
1991-02-01,-0.41559672,False,0,0,0.0,0.0,0.0,0.0,0.0
1991-03-01,-0.6801138,False,0,0,0.0,0.0,0.0,0.0,0.0
1991-04-01,-0.5716354,False,0,0,0.0,0.0,0.0,0.0,0.0
1991-05-01,-0.74705166,False,0,0,0.0,0.0,0.0,0.0,0.0
1991-06-01,-0.87608033,False,0,0,0.0,0.0,0.0,0.0,0.0
1991-07-01,-1.0704488,False,0,0,0.0,0.0,0.0,0.0,0.0
1991-08-01,-1.245555,True,290,1,0.0455549955368042,0.0455549955368042,0.0455549955368042,-1.24555504322052,0.0455549955368042
1991-09-01,-1.6014054,True,290,2,0.44696033000946045,0.40140533447265625,0.22348016500473022,-1.601405382156372,0.40140533447265625
1991-10-01,-1.5345334,True,290,3,0.7814936637878418,0.33453333377838135,0.26049789786338806,-1.601405382156372,0.33453333377838135
1991-11-01,-0.9584591,False,0,0,0.0,0.0,0.0,0.0,0.0
1991-12-01,-1.321878,True,291,1,0.12187790870666504,0.12187790870666504,0.12187790870666504,-1.3218779563903809,0.12187790870666504
1992-01-01,-1.2094778,True,291,2,0.1313556432723999,0.009477734565734863,0.06567782163619995,-1.3218779563903809,0.009477734565734863
1992-02-01,-0.927255,False,0,0,0.0,0.0,0.0,0.0,0.0
1992-03-01,-0.7799663,False,0,0,0.0,0.0,0.0,0.0,0.0
1992-04-01,-0.63896304,False,0,0,0.0,0.0,0.0,0.0,0.0
1992-05-01,-0.686091,False,0,0,0.0,0.0,0.0,0.0,0.0
1992-06-01,-0.68515855,False,0,0,0.0,0.0,0.0,0.0,0.0
1992-07-01,-0.6738832,False,0,0,0.0,0.0,0.0,0.0,0.0
1992-08-01,-0.6162333,False,0,0,0.0,0.0,0.0,0.0,0.0
1992-09-01,-0.14770818,False,0,0,0.0,0.0,0.0,0.0,0.0
1992-10-01,0.50862145,False,0,0,0.0,0.0,0.0,0.0,0.0
1992-11-01,0.47056484,False,0,0,0.0,0.0,0.0,0.0,0.0
1992-12-01,0.76378566,False,0,0,0.0,0.0,0.0,0.0,0.0
1993-01-01,0.6560738,False,0,0,0.0,0.0,0.0,0.0,0.0
1993-02-01,0.25048462,False,0,0,0.0,0.0,0.0,0.0,0.0
1993-03-01,0.12007364,False,0,0,0.0,0.0,0.0,0.0,0.0
1993-04-01,-0.0850024,False,0,0,0.0,0.0,0.0,0.0,0.0
1993-05-01,-0.07001021,False,0,0,0.0,0.0,0.0,0.0,0.0
1993-06-01,0.05635036,False,0,0,0.0,0.0,0.0,0.0,0.0
1993-07-01,-0.03180429,False,0,0,0.0,0.0,0.0,0.0,0.0
1993-08-01,-0.08327209,False,0,0,0.0,0.0,0.0,0.0,0.0
1993-09-01,-0.5340525,False,0,0,0.0,0.0,0.0,0.0,0.0
1993-10-01,-0.95591205,False,0,0,0.0,0.0,0.0,0.0,0.0
1993-11-01,-1.1720369,False,0,0,0.0,0.0,0.0,0.0,0.0
1993-12-01,-1.1372052,False,0,0,0.0,0.0,0.0,0.0,0.0
1994-01-01,-1.0207865,False,0,0,0.0,0.0,0.0,0.0,0.0
1994-02-01,-0.78290766,False,0,0,0.0,0.0,0.0,0.0,0.0
1994-03-01,-0.14805737,False,0,0,0.0,0.0,0.0,0.0,0.0
1994-04-01,-0.19343404,False,0,0,0.0,0.0,0.0,0.0,0.0
1994-05-01,-0.18732008,False,0,0,0.0,0.0,0.0,0.0,0.0
1994-06-01,-0.39307603,False,0,0,0.0,0.0,0.0,0.0,0.0
1994-07-01,-0.48007163,False,0,0,0.0,0.0,0.0,0.0,0.0
1994-08-01,-0.53815633,False,0,0,0.0,0.0,0.0,0.0,0.0
1994-09-01,-0.6489431,False,0,0,0.0,0.0,0.0,0.0,0.0
1994-10-01,-0.88923603,False,0,0,0.0,0.0,0.0,0.0,0.0
1994-11-01,-0.8925755,False,0,0,0.0,0.0,0.0,0.0,0.0
1994-12-01,-0.6738691,False,0,0,0.0,0.0,0.0,0.0,0.0
1995-01-01,-0.6443408,False,0,0,0.0,0.0,0.0,0.0,0.0
1995-02-01,-0.5615955,False,0,0,0.0,0.0,0.0,0.0,0.0
1995-03-01,-0.7055227,False,0,0,0.0,0.0,0.0,0.0,0.0
1995-04-01,-0.6745927,False,0,0,0.0,0.0,0.0,0.0,0.0
1995-05-01,-0.63759285,False,0,0,0.0,0.0,0.0,0.0,0.0
1995-06-01,-0.46027595,False,0,0,0.0,0.0,0.0,0.0,0.0
1995-07-01,-0.38463908,False,0,0,0.0,0.0,0.0,0.0,0.0
1995-08-01,-0.34241793,False,0,0,0.0,0.0,0.0,0.0,0.0
1995-09-01,-0.2092526,False,0,0,0.0,0.0,0.0,0.0,0.0
1995-10-01,0.4182161,False,0,0,0.0,0.0,0.0,0.0,0.0
1995-11-01,0.6997209,False,0,0,0.0,0.0,0.0,0.0,0.0
1995-12-01,0.7461458,False,0,0,0.0,0.0,0.0,0.0,0.0
1996-01-01,0.66711646,False,0,0,0.0,0.0,0.0,0.0,0.0
1996-02-01,0.6417782,False,0,0,0.0,0.0,0.0,0.0,0.0
1996-03-01,0.29023808,False,0,0,0.0,0.0,0.0,0.0,0.0
1996-04-01,0.23121376,False,0,0,0.0,0.0,0.0,0.0,0.0
1996-05-01,0.1443529,False,0,0,0.0,0.0,0.0,0.0,0.0
1996-06-01,0.03153977,False,0,0,0.0,0.0,0.0,0.0,0.0
1996-07-01,-0.013717435,False,0,0,0.0,0.0,0.0,0.0,0.0
1996-08-01,0.07352895,False,0,0,0.0,0.0,0.0,0.0,0.0
1996-09-01,-0.025951583,False,0,0,0.0,0.0,0.0,0.0,0.0
1996-10-01,-0.058969483,False,0,0,0.0,0.0,0.0,0.0,0.0
1996-11-01,0.025196463,False,0,0,0.0,0.0,0.0,0.0,0.0
1996-12-01,-0.09648238,False,0,0,0.0,0.0,0.0,0.0,0.0
1997-01-01,0.23132958,False,0,0,0.0,0.0,0.0,0.0,0.0
1997-02-01,0.17911454,False,0,0,0.0,0.0,0.0,0.0,0.0
1997-03-01,-0.04902285,False,0,0,0.0,0.0,0.0,0.0,0.0
1997-04-01,-0.045533147,False,0,0,0.0,0.0,0.0,0.0,0.0
1997-05-01,-0.04871535,False,0,0,0.0,0.0,0.0,0.0,0.0
1997-06-01,-0.02210142,False,0,0,0.0,0.0,0.0,0.0,0.0
1997-07-01,-0.032927744,False,0,0,0.0,0.0,0.0,0.0,0.0
1997-08-01,-0.15959294,False,0,0,0.0,0.0,0.0,0.0,0.0
1997-09-01,-0.2200962,False,0,0,0.0,0.0,0.0,0.0,0.0
1997-10-01,-0.42788702,False,0,0,0.0,0.0,0.0,0.0,0.0
1997-11-01,-0.69949293,False,0,0,0.0,0.0,0.0,0.0,0.0
1997-12-01,-0.8604349,False,0,0,0.0,0.0,0.0,0.0,0.0
1998-01-01,-1.402219,True,362,1,0.20221900939941406,0.20221900939941406,0.20221900939941406,-1.4022190570831299,0.20221900939941406
1998-02-01,-1.6265299,True,362,2,0.628748893737793,0.4265298843383789,0.3143744468688965,-1.6265299320220947,0.4265298843383789
1998-03-01,-1.1087625,False,0,0,0.0,0.0,0.0,0.0,0.0
1998-04-01,-0.982455,False,0,0,0.0,0.0,0.0,0.0,0.0
1998-05-01,-0.73934317,False,0,0,0.0,0.0,0.0,0.0,0.0
1998-06-01,-0.4974765,False,0,0,0.0,0.0,0.0,0.0,0.0
1998-07-01,0.40841368,False,0,0,0.0,0.0,0.0,0.0,0.0
1998-08-01,0.4212735,False,0,0,0.0,0.0,0.0,0.0,0.0
1998-09-01,1.4222736,False,0,0,0.0,0.0,0.0,0.0,0.0
1998-10-01,1.6165258,False,0,0,0.0,0.0,0.0,0.0,0.0
1998-11-01,1.7439915,False,0,0,0.0,0.0,0.0,0.0,0.0
1998-12-01,1.8474011,False,0,0,0.0,0.0,0.0,0.0,0.0
1999-01-01,2.135021,False,0,0,0.0,0.0,0.0,0.0,0.0
1999-02-01,2.3634527,False,0,0,0.0,0.0,0.0,0.0,0.0
1999-03-01,2.4063,False,0,0,0.0,0.0,0.0,0.0,0.0
1999-04-01,2.583751,False,0,0,0.0,0.0,0.0,0.0,0.0
1999-05-01,2.4777794,False,0,0,0.0,0.0,0.0,0.0,0.0
1999-06-01,2.6339974,False,0,0,0.0,0.0,0.0,0.0,0.0
1999-07-01,2.283111,False,0,0,0.0,0.0,0.0,0.0,0.0
1999-08-01,2.3853016,False,0,0,0.0,0.0,0.0,0.0,0.0
1999-09-01,1.650934,False,0,0,0.0,0.0,0.0,0.0,0.0
1999-10-01,1.1946894,False,0,0,0.0,0.0,0.0,0.0,0.0
1999-11-01,1.1202617,False,0,0,0.0,0.0,0.0,0.0,0.0
1999-12-01,1.0625706,False,0,0,0.0,0.0,0.0,0.0,0.0
2000-01-01,1.0511914,False,0,0,0.0,0.0,0.0,0.0,0.0
2000-02-01,0.8787001,False,0,0,0.0,0.0,0.0,0.0,0.0
2000-03-01,1.1548783,False,0,0,0.0,0.0,0.0,0.0,0.0
2000-04-01,1.0433778,False,0,0,0.0,0.0,0.0,0.0,0.0
2000-05-01,1.4068942,False,0,0,0.0,0.0,0.0,0.0,0.0
2000-06-01,1.2341319,False,0,0,0.0,0.0,0.0,0.0,0.0
2000-07-01,1.062232,False,0,0,0.0,0.0,0.0,0.0,0.0
2000-08-01,1.0901805,False,0,0,0.0,0.0,0.0,0.0,0.0
2000-09-01,1.163211,False,0,0,0.0,0.0,0.0,0.0,0.0
2000-10-01,1.4122484,False,0,0,0.0,0.0,0.0,0.0,0.0
2000-11-01,1.4423454,False,0,0,0.0,0.0,0.0,0.0,0.0
2000-12-01,0.97065437,False,0,0,0.0,0.0,0.0,0.0,0.0
2001-01-01,1.1403643,False,0,0,0.0,0.0,0.0,0.0,0.0
2001-02-01,1.0465469,False,0,0,0.0,0.0,0.0,0.0,0.0
2001-03-01,0.6553565,False,0,0,0.0,0.0,0.0,0.0,0.0
2001-04-01,0.5422529,False,0,0,0.0,0.0,0.0,0.0,0.0
2001-05-01,0.10950414,False,0,0,0.0,0.0,0.0,0.0,0.0
2001-06-01,0.37471515,False,0,0,0.0,0.0,0.0,0.0,0.0
2001-07-01,0.4137814,False,0,0,0.0,0.0,0.0,0.0,0.0
2001-08-01,0.3698605,False,0,0,0.0,0.0,0.0,0.0,0.0
2001-09-01,0.36404416,False,0,0,0.0,0.0,0.0,0.0,0.0
2001-10-01,-0.02693808,False,0,0,0.0,0.0,0.0,0.0,0.0
2001-11-01,-0.70825243,False,0,0,0.0,0.0,0.0,0.0,0.0
2001-12-01,-0.3440804,False,0,0,0.0,0.0,0.0,0.0,0.0
2002-01-01,-0.6846932,False,0,0,0.0,0.0,0.0,0.0,0.0
2002-02-01,-0.32221952,False,0,0,0.0,0.0,0.0,0.0,0.0
2002-03-01,-0.52686554,False,0,0,0.0,0.0,0.0,0.0,0.0
2002-04-01,-0.6494257,False,0,0,0.0,0.0,0.0,0.0,0.0
2002-05-01,-0.66479176,False,0,0,0.0,0.0,0.0,0.0,0.0
2002-06-01,-1.218111,True,413,1,0.018110990524291992,0.018110990524291992,0.018110990524291992,-1.2181110382080078,0.018110990524291992
2002-07-01,-1.3309863,True,413,2,0.14909720420837402,0.13098621368408203,0.07454860210418701,-1.3309862613677979,0.13098621368408203
2002-08-01,-1.3969126,True,413,3,0.3460097312927246,0.19691252708435059,0.115336574614048,-1.3969125747680664,0.19691252708435059
2002-09-01,-1.4683721,True,413,4,0.6143817901611328,0.2683720588684082,0.1535954475402832,-1.468372106552124,0.2683720588684082
2002-10-01,-1.9673034,True,413,5,1.3816851377487183,0.7673033475875854,0.27633702754974365,-1.9673033952713013,0.7673033475875854
2002-11-01,-1.7295098,True,413,6,1.911194920539856,0.5295097827911377,0.3185324966907501,-1.9673033952713013,0.5295097827911377
2002-12-01,-1.662014,True,413,7,2.373208999633789,0.46201395988464355,0.33902984857559204,-1.9673033952713013,0.46201395988464355
2003-01-01,-1.0315902,False,0,0,0.0,0.0,0.0,0.0,0.0
2003-02-01,-1.3959782,True,414,1,0.19597816467285156,0.19597816467285156,0.19597816467285156,-1.3959782123565674,0.19597816467285156
2003-03-01,-1.2647494,True,414,2,0.26072752475738525,0.06474936008453369,0.13036376237869263,-1.3959782123565674,0.06474936008453369
2003-04-01,-0.962661,False,0,0,0.0,0.0,0.0,0.0,0.0
2003-05-01,-0.8293368,False,0,0,0.0,0.0,0.0,0.0,0.0
2003-06-01,-0.8423272,False,0,0,0.0,0.0,0.0,0.0,0.0
2003-07-01,-0.9042406,False,0,0,0.0,0.0,0.0,0.0,0.0
2003-08-01,-0.9035989,False,0,0,0.0,0.0,0.0,0.0,0.0
2003-09-01,-0.5968307,False,0,0,0.0,0.0,0.0,0.0,0.0
2003-10-01,-0.4594886,False,0,0,0.0,0.0,0.0,0.0,0.0
2003-11-01,-0.24012154,False,0,0,0.0,0.0,0.0,0.0,0.0
2003-12-01,0.031135686,False,0,0,0.0,0.0,0.0,0.0,0.0
2004-01-01,-0.68982947,False,0,0,0.0,0.0,0.0,0.0,0.0
2004-02-01,-0.6760246,False,0,0,0.0,0.0,0.0,0.0,0.0
2004-03-01,-0.51961535,False,0,0,0.0,0.0,0.0,0.0,0.0
2004-04-01,-0.8890183,False,0,0,0.0,0.0,0.0,0.0,0.0
2004-05-01,-0.6752997,False,0,0,0.0,0.0,0.0,0.0,0.0
2004-06-01,-0.6956577,False,0,0,0.0,0.0,0.0,0.0,0.0
2004-07-01,-0.59477615,False,0,0,0.0,0.0,0.0,0.0,0.0
2004-08-01,-0.6442847,False,0,0,0.0,0.0,0.0,0.0,0.0
2004-09-01,-0.96252865,False,0,0,0.0,0.0,0.0,0.0,0.0
2004-10-01,-0.9344427,False,0,0,0.0,0.0,0.0,0.0,0.0
2004-11-01,-0.9925334,False,0,0,0.0,0.0,0.0,0.0,0.0
2004-12-01,-0.9733847,False,0,0,0.0,0.0,0.0,0.0,0.0
2005-01-01,-0.73742783,False,0,0,0.0,0.0,0.0,0.0,0.0
2005-02-01,-1.0420437,False,0,0,0.0,0.0,0.0,0.0,0.0
2005-03-01,-1.1474429,False,0,0,0.0,0.0,0.0,0.0,0.0
2005-04-01,-0.7905735,False,0,0,0.0,0.0,0.0,0.0,0.0
2005-05-01,-1.2172977,True,439,1,0.01729762554168701,0.01729762554168701,0.01729762554168701,-1.2172976732254028,0.01729762554168701
2005-06-01,-1.2063427,True,439,2,0.02364027500152588,0.006342649459838867,0.01182013750076294,-1.2172976732254028,0.006342649459838867
2005-07-01,-1.3890779,True,439,3,0.21271812915802002,0.18907785415649414,0.07090604305267334,-1.38907790184021,0.18907785415649414
2005-08-01,-1.1758667,False,0,0,0.0,0.0,0.0,0.0,0.0
2005-09-01,-1.2824264,True,440,1,0.08242630958557129,0.08242630958557129,0.08242630958557129,-1.282426357269287,0.08242630958557129
2005-10-01,-0.050865605,False,0,0,0.0,0.0,0.0,0.0,0.0
2005-11-01,-0.07335896,False,0,0,0.0,0.0,0.0,0.0,0.0
2005-12-01,-0.023523169,False,0,0,0.0,0.0,0.0,0.0,0.0
2006-01-01,0.23012704,False,0,0,0.0,0.0,0.0,0.0,0.0
2006-02-01,0.55348694,False,0,0,0.0,0.0,0.0,0.0,0.0
2006-03-01,0.8964494,False,0,0,0.0,0.0,0.0,0.0,0.0
2006-04-01,1.001567,False,0,0,0.0,0.0,0.0,0.0,0.0
2006-05-01,1.1145194,False,0,0,0.0,0.0,0.0,0.0,0.0
2006-06-01,1.1145438,False,0,0,0.0,0.0,0.0,0.0,0.0
2006-07-01,1.1299956,False,0,0,0.0,0.0,0.0,0.0,0.0
2006-08-01,0.9910803,False,0,0,0.0,0.0,0.0,0.0,0.0
2006-09-01,1.0434254,False,0,0,0.0,0.0,0.0,0.0,0.0
2006-10-01,0.06740558,False,0,0,0.0,0.0,0.0,0.0,0.0
2006-11-01,-0.12253138,False,0,0,0.0,0.0,0.0,0.0,0.0
2006-12-01,-0.33281615,False,0,0,0.0,0.0,0.0,0.0,0.0
2007-01-01,-0.6261387,False,0,0,0.0,0.0,0.0,0.0,0.0
2007-02-01,-0.83667374,False,0,0,0.0,0.0,0.0,0.0,0.0
2007-03-01,-0.9681924,False,0,0,0.0,0.0,0.0,0.0,0.0
2007-04-01,-0.90897936,False,0,0,0.0,0.0,0.0,0.0,0.0
2007-05-01,-1.0179857,False,0,0,0.0,0.0,0.0,0.0,0.0
2007-06-01,-0.84981465,False,0,0,0.0,0.0,0.0,0.0,0.0
2007-07-01,-0.88574284,False,0,0,0.0,0.0,0.0,0.0,0.0
2007-08-01,-0.8379864,False,0,0,0.0,0.0,0.0,0.0,0.0
2007-09-01,-0.93122625,False,0,0,0.0,0.0,0.0,0.0,0.0
2007-10-01,-0.6791145,False,0,0,0.0,0.0,0.0,0.0,0.0
2007-11-01,-0.47864383,False,0,0,0.0,0.0,0.0,0.0,0.0
2007-12-01,-0.07251182,False,0,0,0.0,0.0,0.0,0.0,0.0
2008-01-01,0.047687367,False,0,0,0.0,0.0,0.0,0.0,0.0
2008-02-01,0.30390468,False,0,0,0.0,0.0,0.0,0.0,0.0
2008-03-01,0.058071982,False,0,0,0.0,0.0,0.0,0.0,0.0
2008-04-01,-0.4015715,False,0,0,0.0,0.0,0.0,0.0,0.0
2008-05-01,-0.3557025,False,0,0,0.0,0.0,0.0,0.0,0.0
2008-06-01,-0.54469943,False,0,0,0.0,0.0,0.0,0.0,0.0
2008-07-01,-0.5798336,False,0,0,0.0,0.0,0.0,0.0,0.0
2008-08-01,-0.7008607,False,0,0,0.0,0.0,0.0,0.0,0.0
2008-09-01,-0.51782954,False,0,0,0.0,0.0,0.0,0.0,0.0
2008-10-01,-0.14786382,False,0,0,0.0,0.0,0.0,0.0,0.0
2008-11-01,0.0017757696,False,0,0,0.0,0.0,0.0,0.0,0.0
2008-12-01,-0.12784192,False,0,0,0.0,0.0,0.0,0.0,0.0
2009-01-01,0.21262616,False,0,0,0.0,0.0,0.0,0.0,0.0
2009-02-01,0.12767991,False,0,0,0.0,0.0,0.0,0.0,0.0
2009-03-01,0.05626049,False,0,0,0.0,0.0,0.0,0.0,0.0
2009-04-01,0.13836767,False,0,0,0.0,0.0,0.0,0.0,0.0
2009-05-01,0.19038324,False,0,0,0.0,0.0,0.0,0.0,0.0
2009-06-01,0.14296299,False,0,0,0.0,0.0,0.0,0.0,0.0
2009-07-01,0.5182834,False,0,0,0.0,0.0,0.0,0.0,0.0
2009-08-01,0.53330785,False,0,0,0.0,0.0,0.0,0.0,0.0
2009-09-01,0.5864374,False,0,0,0.0,0.0,0.0,0.0,0.0
2009-10-01,0.052372843,False,0,0,0.0,0.0,0.0,0.0,0.0
2009-11-01,-0.17253757,False,0,0,0.0,0.0,0.0,0.0,0.0
2009-12-01,-0.18211187,False,0,0,0.0,0.0,0.0,0.0,0.0
2010-01-01,-0.26244226,False,0,0,0.0,0.0,0.0,0.0,0.0
2010-02-01,-0.56632906,False,0,0,0.0,0.0,0.0,0.0,0.0
2010-03-01,-0.7152023,False,0,0,0.0,0.0,0.0,0.0,0.0
2010-04-01,-0.3734904,False,0,0,0.0,0.0,0.0,0.0,0.0
2010-05-01,-0.12199606,False,0,0,0.0,0.0,0.0,0.0,0.0
2010-06-01,0.26297992,False,0,0,0.0,0.0,0.0,0.0,0.0
2010-07-01,0.39037153,False,0,0,0.0,0.0,0.0,0.0,0.0
2010-08-01,0.66597104,False,0,0,0.0,0.0,0.0,0.0,0.0
2010-09-01,1.622743,False,0,0,0.0,0.0,0.0,0.0,0.0
2010-10-01,2.3457508,False,0,0,0.0,0.0,0.0,0.0,0.0
2010-11-01,2.3372867,False,0,0,0.0,0.0,0.0,0.0,0.0
2010-12-01,2.2609656,False,0,0,0.0,0.0,0.0,0.0,0.0
2011-01-01,2.2078948,False,0,0,0.0,0.0,0.0,0.0,0.0
2011-02-01,2.2213154,False,0,0,0.0,0.0,0.0,0.0,0.0
2011-03-01,2.411901,False,0,0,0.0,0.0,0.0,0.0,0.0
2011-04-01,2.4452205,False,0,0,0.0,0.0,0.0,0.0,0.0
2011-05-01,2.405796,False,0,0,0.0,0.0,0.0,0.0,0.0
2011-06-01,2.2130198,False,0,0,0.0,0.0,0.0,0.0,0.0
2011-07-01,2.0946043,False,0,0,0.0,0.0,0.0,0.0,0.0
2011-08-01,1.9394712,False,0,0,0.0,0.0,0.0,0.0,0.0
2011-09-01,0.9615358,False,0,0,0.0,0.0,0.0,0.0,0.0
2011-10-01,0.0047481772,False,0,0,0.0,0.0,0.0,0.0,0.0
2011-11-01,0.05218048,False,0,0,0.0,0.0,0.0,0.0,0.0
2011-12-01,-0.04327934,False,0,0,0.0,0.0,0.0,0.0,0.0
2012-01-01,0.22007737,False,0,0,0.0,0.0,0.0,0.0,0.0
2012-02-01,0.2985245,False,0,0,0.0,0.0,0.0,0.0,0.0
2012-03-01,0.6802158,False,0,0,0.0,0.0,0.0,0.0,0.0
2012-04-01,0.2865473,False,0,0,0.0,0.0,0.0,0.0,0.0
2012-05-01,0.26613128,False,0,0,0.0,0.0,0.0,0.0,0.0
2012-06-01,0.28549403,False,0,0,0.0,0.0,0.0,0.0,0.0
2012-07-01,0.24412102,False,0,0,0.0,0.0,0.0,0.0,0.0
2012-08-01,0.24661788,False,0,0,0.0,0.0,0.0,0.0,0.0
2012-09-01,0.25248343,False,0,0,0.0,0.0,0.0,0.0,0.0
2012-10-01,0.04486854,False,0,0,0.0,0.0,0.0,0.0,0.0
2012-11-01,-0.24204727,False,0,0,0.0,0.0,0.0,0.0,0.0
2012-12-01,-0.36213326,False,0,0,0.0,0.0,0.0,0.0,0.0
2013-01-01,-0.09962429,False,0,0,0.0,0.0,0.0,0.0,0.0
2013-02-01,-0.16562513,False,0,0,0.0,0.0,0.0,0.0,0.0
2013-03-01,-0.56610143,False,0,0,0.0,0.0,0.0,0.0,0.0
2013-04-01,-0.51596093,False,0,0,0.0,0.0,0.0,0.0,0.0
2013-05-01,-0.4788308,False,0,0,0.0,0.0,0.0,0.0,0.0
2013-06-01,0.020984896,False,0,0,0.0,0.0,0.0,0.0,0.0
2013-07-01,0.3648134,False,0,0,0.0,0.0,0.0,0.0,0.0
2013-08-01,0.3815371,False,0,0,0.0,0.0,0.0,0.0,0.0
2013-09-01,0.43105733,False,0,0,0.0,0.0,0.0,0.0,0.0
2013-10-01,0.42004097,False,0,0,0.0,0.0,0.0,0.0,0.0
2013-11-01,0.4601493,False,0,0,0.0,0.0,0.0,0.0,0.0
2013-12-01,0.7835579,False,0,0,0.0,0.0,0.0,0.0,0.0
2014-01-01,-0.006438058,False,0,0,0.0,0.0,0.0,0.0,0.0
2014-02-01,0.08298501,False,0,0,0.0,0.0,0.0,0.0,0.0
2014-03-01,-0.37459958,False,0,0,0.0,0.0,0.0,0.0,0.0
2014-04-01,-0.41698942,False,0,0,0.0,0.0,0.0,0.0,0.0
2014-05-01,-0.7185053,False,0,0,0.0,0.0,0.0,0.0,0.0
2014-06-01,-1.3571032,True,544,1,0.15710318088531494,0.15710318088531494,0.15710318088531494,-1.3571032285690308,0.15710318088531494
2014-07-01,-1.6973623,True,544,2,0.6544654369354248,0.49736225605010986,0.3272327184677124,-1.6973623037338257,0.49736225605010986
2014-08-01,-1.7590784,True,544,3,1.2135437726974487,0.5590783357620239,0.4045145809650421,-1.7590783834457397,0.5590783357620239
2014-09-01,-1.9056629,True,544,4,1.9192066192626953,0.7056628465652466,0.47980165481567383,-1.9056628942489624,0.7056628465652466
2014-10-01,-1.8535161,True,544,5,2.5727226734161377,0.6535160541534424,0.5145445466041565,-1.9056628942489624,0.6535160541534424
2014-11-01,-1.634172,True,544,6,3.006894588470459,0.4341719150543213,0.5011491179466248,-1.9056628942489624,0.4341719150543213
2014-12-01,-1.5068411,True,544,7,3.3137354850769043,0.30684101581573486,0.4733907878398895,-1.9056628942489624,0.30684101581573486
2015-01-01,-0.96979415,False,0,0,0.0,0.0,0.0,0.0,0.0
2015-02-01,-1.107455,False,0,0,0.0,0.0,0.0,0.0,0.0
2015-03-01,-0.51774395,False,0,0,0.0,0.0,0.0,0.0,0.0
2015-04-01,-0.5484027,False,0,0,0.0,0.0,0.0,0.0,0.0
2015-05-01,-0.27689207,False,0,0,0.0,0.0,0.0,0.0,0.0
2015-06-01,-0.34501806,False,0,0,0.0,0.0,0.0,0.0,0.0
2015-07-01,-0.6966577,False,0,0,0.0,0.0,0.0,0.0,0.0
2015-08-01,-0.7269619,False,0,0,0.0,0.0,0.0,0.0,0.0
2015-09-01,-0.7582805,False,0,0,0.0,0.0,0.0,0.0,0.0
2015-10-01,-0.68608063,False,0,0,0.0,0.0,0.0,0.0,0.0
2015-11-01,-0.902557,False,0,0,0.0,0.0,0.0,0.0,0.0
2015-12-01,-1.2519011,True,555,1,0.05190110206604004,0.05190110206604004,0.05190110206604004,-1.2519011497497559,0.05190110206604004
2016-01-01,-1.4611537,True,555,2,0.31305480003356934,0.2611536979675293,0.15652740001678467,-1.4611537456512451,0.2611536979675293
2016-02-01,-0.85419095,False,0,0,0.0,0.0,0.0,0.0,0.0
2016-03-01,-1.1282917,False,0,0,0.0,0.0,0.0,0.0,0.0
2016-04-01,-1.1911572,False,0,0,0.0,0.0,0.0,0.0,0.0
2016-05-01,-1.2531296,True,558,1,0.05312955379486084,0.05312955379486084,0.05312955379486084,-1.2531296014785767,0.05312955379486084
2016-06-01,-0.55562407,False,0,0,0.0,0.0,0.0,0.0,0.0
2016-07-01,0.02479124,False,0,0,0.0,0.0,0.0,0.0,0.0
2016-08-01,0.21713422,False,0,0,0.0,0.0,0.0,0.0,0.0
2016-09-01,0.91711205,False,0,0,0.0,0.0,0.0,0.0,0.0
2016-10-01,1.538969,False,0,0,0.0,0.0,0.0,0.0,0.0
2016-11-01,1.8366698,False,0,0,0.0,0.0,0.0,0.0,0.0
2016-12-01,1.9014895,False,0,0,0.0,0.0,0.0,0.0,0.0
2017-01-01,2.098716,False,0,0,0.0,0.0,0.0,0.0,0.0
2017-02-01,2.0704699,False,0,0,0.0,0.0,0.0,0.0,0.0
2017-03-01,2.1128757,False,0,0,0.0,0.0,0.0,0.0,0.0
2017-04-01,2.2916713,False,0,0,0.0,0.0,0.0,0.0,0.0
2017-05-01,2.2315905,False,0,0,0.0,0.0,0.0,0.0,0.0
2017-06-01,2.208499,False,0,0,0.0,0.0,0.0,0.0,0.0
2017-07-01,2.0799592,False,0,0,0.0,0.0,0.0,0.0,0.0
2017-08-01,2.008142,False,0,0,0.0,0.0,0.0,0.0,0.0
2017-09-01,1.5316436,False,0,0,0.0,0.0,0.0,0.0,0.0
2017-10-01,1.0667634,False,0,0,0.0,0.0,0.0,0.0,0.0
2017-11-01,1.2910457,False,0,0,0.0,0.0,0.0,0.0,0.0
2017-12-01,1.0367305,False,0,0,0.0,0.0,0.0,0.0,0.0
2018-01-01,1.0562779,False,0,0,0.0,0.0,0.0,0.0,0.0
2018-02-01,0.91132975,False,0,0,0.0,0.0,0.0,0.0,0.0
2018-03-01,0.83026695,False,0,0,0.0,0.0,0.0,0.0,0.0
2018-04-01,0.6623757,False,0,0,0.0,0.0,0.0,0.0,0.0
2018-05-01,0.6519269,False,0,0,0.0,0.0,0.0,0.0,0.0
2018-06-01,0.30260223,False,0,0,0.0,0.0,0.0,0.0,0.0
2018-07-01,0.11475452,False,0,0,0.0,0.0,0.0,0.0,0.0
2018-08-01,0.27053884,False,0,0,0.0,0.0,0.0,0.0,0.0
2018-09-01,0.379499,False,0,0,0.0,0.0,0.0,0.0,0.0
2018-10-01,-0.085468315,False,0,0,0.0,0.0,0.0,0.0,0.0
2018-11-01,-0.41875112,False,0,0,0.0,0.0,0.0,0.0,0.0
2018-12-01,-0.69795394,False,0,0,0.0,0.0,0.0,0.0,0.0
2019-01-01,-0.3891542,False,0,0,0.0,0.0,0.0,0.0,0.0
2019-02-01,-0.44273373,False,0,0,0.0,0.0,0.0,0.0,0.0
2019-03-01,0.05714457,False,0,0,0.0,0.0,0.0,0.0,0.0
2019-04-01,0.380018,False,0,0,0.0,0.0,0.0,0.0,0.0
2019-05-01,0.36774978,False,0,0,0.0,0.0,0.0,0.0,0.0
2019-06-01,0.42217,False,0,0,0.0,0.0,0.0,0.0,0.0
2019-07-01,0.6053141,False,0,0,0.0,0.0,0.0,0.0,0.0
2019-08-01,0.4977776,False,0,0,0.0,0.0,0.0,0.0,0.0
2019-09-01,0.532412,False,0,0,0.0,0.0,0.0,0.0,0.0
2019-10-01,0.63372886,False,0,0,0.0,0.0,0.0,0.0,0.0
2019-11-01,0.1581176,False,0,0,0.0,0.0,0.0,0.0,0.0
2019-12-01,0.45525703,False,0,0,0.0,0.0,0.0,0.0,0.0
2020-01-01,-0.13673088,False,0,0,0.0,0.0,0.0,0.0,0.0
2020-02-01,-0.2560268,False,0,0,0.0,0.0,0.0,0.0,0.0
2020-03-01,-0.5928234,False,0,0,0.0,0.0,0.0,0.0,0.0
2020-04-01,-0.8385294,False,0,0,0.0,0.0,0.0,0.0,0.0
2020-05-01,-0.705168,False,0,0,0.0,0.0,0.0,0.0,0.0
2020-06-01,-0.8090449,False,0,0,0.0,0.0,0.0,0.0,0.0
2020-07-01,-0.9955009,False,0,0,0.0,0.0,0.0,0.0,0.0
2020-08-01,-0.9836999,False,0,0,0.0,0.0,0.0,0.0,0.0
2020-09-01,-1.0490135,False,0,0,0.0,0.0,0.0,0.0,0.0
2020-10-01,-0.5765776,False,0,0,0.0,0.0,0.0,0.0,0.0
2020-11-01,-0.2292761,False,0,0,0.0,0.0,0.0,0.0,0.0
2020-12-01,-0.21905953,False,0,0,0.0,0.0,0.0,0.0,0.0
2021-01-01,0.25965437,False,0,0,0.0,0.0,0.0,0.0,0.0
2021-02-01,0.38335043,False,0,0,0.0,0.0,0.0,0.0,0.0
2021-03-01,0.23412664,False,0,0,0.0,0.0,0.0,0.0,0.0
2021-04-01,0.063605875,False,0,0,0.0,0.0,0.0,0.0,0.0
2021-05-01,-0.120917514,False,0,0,0.0,0.0,0.0,0.0,0.0
2021-06-01,0.040251758,False,0,0,0.0,0.0,0.0,0.0,0.0
2021-07-01,0.104149625,False,0,0,0.0,0.0,0.0,0.0,0.0
2021-08-01,0.11197225,False,0,0,0.0,0.0,0.0,0.0,0.0
2021-09-01,0.366566,False,0,0,0.0,0.0,0.0,0.0,0.0
2021-10-01,0.2875518,False,0,0,0.0,0.0,0.0,0.0,0.0
2021-11-01,0.561114,False,0,0,0.0,0.0,0.0,0.0,0.0
2021-12-01,0.49674317,False,0,0,0.0,0.0,0.0,0.0,0.0
2022-01-01,0.1933138,False,0,0,0.0,0.0,0.0,0.0,0.0
2022-02-01,0.081698574,False,0,0,0.0,0.0,0.0,0.0,0.0
2022-03-01,0.24105883,False,0,0,0.0,0.0,0.0,0.0,0.0
2022-04-01,0.4130378,False,0,0,0.0,0.0,0.0,0.0,0.0
2022-05-01,0.5633776,False,0,0,0.0,0.0,0.0,0.0,0.0
2022-06-01,0.6620826,False,0,0,0.0,0.0,0.0,0.0,0.0
2022-07-01,0.71527976,False,0,0,0.0,0.0,0.0,0.0,0.0
2022-08-01,0.7569031,False,0,0,0.0,0.0,0.0,0.0,0.0
2022-09-01,0.7371487,False,0,0,0.0,0.0,0.0,0.0,0.0
2022-10-01,1.535313,False,0,0,0.0,0.0,0.0,0.0,0.0
2022-11-01,1.2982252,False,0,0,0.0,0.0,0.0,0.0,0.0
2022-12-01,1.2214977,False,0,0,0.0,0.0,0.0,0.0,0.0
2023-01-01,1.23288,False,0,0,0.0,0.0,0.0,0.0,0.0
2023-02-01,1.2850928,False,0,0,0.0,0.0,0.0,0.0,0.0
2023-03-01,1.1092829,False,0,0,0.0,0.0,0.0,0.0,0.0
2023-04-01,1.1342106,False,0,0,0.0,0.0,0.0,0.0,0.0
2023-05-01,1.0766709,False,0,0,0.0,0.0,0.0,0.0,0.0
2023-06-01,0.89774,False,0,0,0.0,0.0,0.0,0.0,0.0
2023-07-01,0.9856562,False,0,0,0.0,0.0,0.0,0.0,0.0
2023-08-01,0.94040525,False,0,0,0.0,0.0,0.0,0.0,0.0
2023-09-01,0.73650664,False,0,0,0.0,0.0,0.0,0.0,0.0
2023-10-01,-0.67187375,False,0,0,0.0,0.0,0.0,0.0,0.0
2023-11-01,-1.1112342,False,0,0,0.0,0.0,0.0,0.0,0.0
2023-12-01,-1.2423981,True,648,1,0.04239809513092041,0.04239809513092041,0.04239809513092041,-1.2423981428146362,0.04239809513092041
2024-01-01,-1.2275751,True,648,2,0.06997311115264893,0.027575016021728516,0.03498655557632446,-1.2423981428146362,0.027575016021728516
2024-02-01,-1.3515188,True,648,3,0.22149181365966797,0.15151870250701904,0.07383060455322266,-1.3515187501907349,0.15151870250701904
2024-03-01,-1.1823068,False,0,0,0.0,0.0,0.0,0.0,0.0
2024-04-01,-1.2077395,True,649,1,0.007739424705505371,0.007739424705505371,0.007739424705505371,-1.2077394723892212,0.007739424705505371
2024-05-01,-1.3190846,True,649,2,0.1268240213394165,0.11908459663391113,0.06341201066970825,-1.319084644317627,0.11908459663391113
2024-06-01,-1.3392569,True,649,3,0.2660808563232422,0.13925683498382568,0.08869361877441406,-1.3392568826675415,0.13925683498382568
2024-07-01,-1.5307913,True,649,4,0.596872091293335,0.3307912349700928,0.14921802282333374,-1.5307912826538086,0.3307912349700928
2024-08-01,-1.5726384,True,649,5,0.9695104360580444,0.3726383447647095,0.19390209019184113,-1.5726383924484253,0.3726383447647095
2024-09-01,-1.5552845,True,649,6,1.324794888496399,0.3552844524383545,0.22079914808273315,-1.5726383924484253,0.3552844524383545
2024-10-01,-1.1334531,False,0,0,0.0,0.0,0.0,0.0,0.0
2024-11-01,-0.77171963,False,0,0,0.0,0.0,0.0,0.0,0.0
2024-12-01,-0.28980282,False,0,0,0.0,0.0,0.0,0.0,0.0
